,ID,Pred_prob
0,T1,
1,T2,
2,T3,
3,T4,
4,T5,
5,T6,
6,T7,
7,T8,
8,T9,
9,T10,
10,T11,
11,T12,
12,T13,
13,T14,
14,T15,
15,T16,
16,T17,
17,T18,
18,T19,
19,T20,
20,T21,
21,T22,
22,T23,
23,T24,
24,T25,
25,T26,
26,T27,
27,T28,
28,T29,
29,T30,
30,T31,
31,T32,
32,T33,
33,T34,
34,T35,
35,T36,
36,T37,
37,T38,
38,T39,
39,T40,
40,T41,
41,T42,
42,T43,
43,T44,
44,T45,
45,T46,
46,T47,
47,T48,
48,T49,
49,T50,
50,T51,
51,T52,
52,T53,
53,T54,
54,T55,
55,T56,
56,T57,
57,T58,
58,T59,
59,T60,
60,T61,
61,T62,
62,T63,
63,T64,
64,T65,
65,T66,
66,T67,
67,T68,
68,T69,
69,T70,
70,T71,
71,T72,
72,T73,
73,T74,
74,T75,
75,T76,
76,T77,
77,T78,
78,T79,
79,T80,
80,T81,
81,T82,
82,T83,
83,T84,
84,T85,
85,T86,
86,T87,
87,T88,
88,T89,
89,T90,
90,T91,
91,T92,
92,T93,
93,T94,
94,T95,
95,T96,
96,T97,
97,T98,
98,T99,
99,T100,
100,T101,
101,T102,
102,T103,
103,T104,
104,T105,
105,T106,
106,T107,
107,T108,
108,T109,
109,T110,
110,T111,
111,T112,
112,T113,
113,T114,
114,T115,
115,T116,
116,T117,
117,T118,
118,T119,
119,T120,
120,T121,
121,T122,
122,T123,
123,T124,
124,T125,
125,T126,
126,T127,
127,T128,
128,T129,
129,T130,
130,T131,
131,T132,
132,T133,
133,T134,
134,T135,
135,T136,
136,T137,
137,T138,
138,T139,
139,T140,
140,T141,
141,T142,
142,T143,
143,T144,
144,T145,
145,T146,
146,T147,
147,T148,
148,T149,
149,T150,
150,T151,
151,T152,
152,T153,
153,T154,
154,T155,
155,T156,
156,T157,
157,T158,
158,T159,
159,T160,
160,T161,
161,T162,
162,T163,
163,T164,
164,T165,
165,T166,
166,T167,
167,T168,
168,T169,
169,T170,
170,T171,
171,T172,
172,T173,
173,T174,
174,T175,
175,T176,
176,T177,
177,T178,
178,T179,
179,T180,
180,T181,
181,T182,
182,T183,
183,T184,
184,T185,
185,T186,
186,T187,
187,T188,
188,T189,
189,T190,
190,T191,
191,T192,
192,T193,
193,T194,
194,T195,
195,T196,
196,T197,
197,T198,
198,T199,
199,T200,
200,T201,
201,T202,
202,T203,
203,T204,
204,T205,
205,T206,
206,T207,
207,T208,
208,T209,
209,T210,
210,T211,
211,T212,
212,T213,
213,T214,
214,T215,
215,T216,
216,T217,
217,T218,
218,T219,
219,T220,
220,T221,
